ID,Random Number
1,90
2,708
3,287
4,883
5,775
6,276
7,437
8,935
9,609
10,42
11,237
12,43
13,174
14,563
15,463
16,370
17,187
18,771
19,663
20,13
21,573
22,12
23,248
24,395
25,607
26,531
27,332
28,296
29,491
30,548
31,637
32,567
33,578
34,307
35,243
36,361
37,417
38,262
39,589
40,976
41,177
42,661
43,848
44,537
45,126
46,419
47,533
48,59
49,985
50,342
51,636
52,109
53,946
54,693
55,669
56,475
57,58
58,1000
59,67
60,914
61,901
62,976
63,535
64,931
65,985
66,358
67,58
68,922
69,612
70,254
71,695
72,808
73,464
74,250
75,687
76,648
77,846
78,685
79,311
80,124
81,319
82,984
83,838
84,264
85,837
86,987
87,743
88,152
89,779
90,804
91,349
92,752
93,462
94,354
95,514
96,805
97,445
98,744
99,74
100,886
101,915
102,645
103,875
104,577
105,125
106,607
107,977
108,904
109,168
110,264
111,691
112,303
113,423
114,183
115,844
116,768
117,102
118,341
119,404
120,482
121,532
122,554
123,623
124,286
125,417
126,29
127,969
128,749
129,86
130,773
131,593
132,506
133,289
134,705
135,348
136,521
137,985
138,80
139,816
140,929
141,955
142,716
143,63
144,792
145,321
146,936
147,342
148,983
149,233
150,987
151,908
152,458
153,196
154,566
155,494
156,324
157,866
158,763
159,206
160,65
161,653
162,867
163,821
164,270
165,136
166,917
167,213
168,601
169,503
170,193
171,454
172,411
173,967
174,931
175,928
176,536
177,802
178,872
179,64
180,3
181,509
182,600
183,844
184,237
185,945
186,406
187,660
188,444
189,958
190,318
191,655
192,488
193,755
194,568
195,311
196,864
197,159
198,118
199,1000
200,349
201,873
202,364
203,376
204,471
205,332
206,901
207,477
208,752
209,181
210,404
211,602
212,258
213,279
214,932
215,54
216,184
217,439
218,485
219,51
220,42
221,435
222,454
223,993
224,13
225,485
226,476
227,239
228,875
229,207
230,821
231,312
232,340
233,80
234,197
235,454
236,223
237,545
238,992
239,909
240,780
241,806
242,615
243,390
244,419
245,707
246,841
247,681
248,566
249,712
250,162
251,993
252,265
253,916
254,191
255,330
256,997
257,547
258,236
259,858
260,210
261,343
262,53
263,809
264,622
265,567
266,609
267,211
268,255
269,986
270,879
271,475
272,739
273,286
274,814
275,672
276,902
277,266
278,469
279,464
280,383
281,965
282,238
283,187
284,14
285,996
286,567
287,832
288,787
289,891
290,768
291,77
292,267
293,663
294,838
295,678
296,583
297,161
298,36
299,158
300,669
301,356
302,807
303,851
304,842
305,475
306,522
307,111
308,344
309,71
310,384
311,61
312,663
313,675
314,900
315,878
316,416
317,592
318,271
319,463
320,824
321,552
322,462
323,71
324,525
325,923
326,573
327,628
328,376
329,19
330,928
331,693
332,403
333,845
334,797
335,237
336,888
337,945
338,502
339,349
340,804
341,581
342,377
343,192
344,314
345,522
346,118
347,125
348,671
349,725
350,899
351,617
352,310
353,964
354,391
355,759
356,121
357,280
358,957
359,81
360,905
361,45
362,726
363,355
364,640
365,820
366,941
367,637
368,428
369,611
370,272
371,215
372,63
373,996
374,477
375,394
376,565
377,835
378,123
379,936
380,974
381,568
382,918
383,207
384,658
385,31
386,266
387,351
388,251
389,14
390,457
391,26
392,297
393,546
394,486
395,840
396,794
397,20
398,785
399,311
400,147
401,735
402,337
403,891
404,451
405,779
406,183
407,551
408,188
409,579
410,39
411,546
412,131
413,197
414,885
415,404
416,696
417,293
418,698
419,644
420,948
421,806
422,122
423,34
424,175
425,156
426,300
427,368
428,882
429,181
430,321
431,85
432,510
433,939
434,47
435,533
436,186
437,996
438,50
439,613
440,618
441,134
442,554
443,644
444,365
445,613
446,7
447,44
448,43
449,659
450,286
451,311
452,126
453,886
454,947
455,320
456,375
457,730
458,732
459,526
460,4
461,720
462,219
463,193
464,471
465,372
466,727
467,187
468,86
469,545
470,562
471,395
472,863
473,131
474,435
475,127
476,370
477,601
478,133
479,233
480,88
481,708
482,438
483,384
484,301
485,947
486,191
487,504
488,915
489,941
490,75
491,721
492,308
493,163
494,610
495,85
496,330
497,972
498,70
499,10
500,29
501,186
502,741
503,679
504,336
505,541
506,353
507,174
508,624
509,951
510,38
511,128
512,783
513,864
514,146
515,153
516,628
517,886
518,490
519,18
520,202
521,788
522,76
523,349
524,935
525,843
526,944
527,391
528,451
529,508
530,902
531,803
532,965
533,289
534,951
535,971
536,753
537,644
538,685
539,214
540,998
541,733
542,791
543,673
544,712
545,226
546,634
547,346
548,217
549,906
550,543
551,45
552,291
553,610
554,825
555,378
556,917
557,437
558,706
559,249
560,351
561,756
562,596
563,718
564,999
565,84
566,604
567,25
568,468
569,801
570,700
571,714
572,258
573,645
574,303
575,168
576,817
577,190
578,841
579,120
580,292
581,800
582,258
583,811
584,709
585,518
586,541
587,669
588,557
589,2
590,558
591,910
592,295
593,566
594,345
595,284
596,990
597,883
598,973
599,287
600,176
601,487
602,421
603,620
604,166
605,810
606,292
607,243
608,670
609,721
610,832
611,175
612,224
613,178
614,280
615,528
616,495
617,969
618,77
619,297
620,862
621,780
622,585
623,304
624,507
625,124
626,363
627,563
628,670
629,534
630,601
631,125
632,507
633,840
634,127
635,448
636,755
637,352
638,686
639,236
640,760
641,665
642,688
643,937
644,700
645,142
646,806
647,620
648,465
649,694
650,271
651,92
652,423
653,126
654,891
655,699
656,423
657,962
658,894
659,93
660,880
661,599
662,850
663,167
664,24
665,748
666,492
667,226
668,253
669,923
670,331
671,841
672,57
673,79
674,479
675,697
676,436
677,17
678,974
679,871
680,175
681,454
682,639
683,909
684,812
685,874
686,466
687,75
688,158
689,484
690,716
691,911
692,151
693,176
694,707
695,650
696,161
697,999
698,544
699,994
700,932
701,315
702,893
703,156
704,773
705,682
706,93
707,101
708,647
709,379
710,236
711,171
712,128
713,2
714,456
715,123
716,167
717,928
718,977
719,204
720,669
721,216
722,637
723,365
724,799
725,701
726,741
727,573
728,47
729,78
730,422
731,484
732,959
733,511
734,789
735,666
736,538
737,579
738,953
739,77
740,111
741,898
742,764
743,391
744,784
745,427
746,76
747,590
748,762
749,779
750,903
751,123
752,879
753,624
754,235
755,919
756,327
757,557
758,413
759,334
760,143
761,410
762,617
763,358
764,291
765,855
766,865
767,288
768,140
769,613
770,85
771,446
772,677
773,701
774,289
775,976
776,707
777,376
778,14
779,370
780,799
781,438
782,361
783,267
784,123
785,442
786,87
787,12
788,253
789,973
790,499
791,867
792,236
793,820
794,84
795,553
796,14
797,829
798,141
799,242
800,286
801,74
802,78
803,147
804,243
805,254
806,28
807,986
808,646
809,443
810,322
811,235
812,227
813,791
814,103
815,943
816,625
817,470
818,536
819,916
820,316
821,562
822,906
823,190
824,28
825,686
826,770
827,949
828,318
829,247
830,894
831,80
832,835
833,469
834,261
835,389
836,675
837,914
838,678
839,889
840,780
841,443
842,925
843,535
844,772
845,838
846,874
847,795
848,863
849,215
850,263
851,536
852,437
853,935
854,988
855,912
856,417
857,237
858,128
859,708
860,91
861,347
862,626
863,160
864,550
865,886
866,125
867,700
868,118
869,825
870,630
871,640
872,960
873,131
874,858
875,174
876,290
877,136
878,177
879,954
880,60
881,833
882,153
883,33
884,767
885,506
886,597
887,769
888,918
889,341
890,986
891,33
892,48
893,743
894,567
895,951
896,689
897,917
898,497
899,340
900,862
901,392
902,223
903,595
904,15
905,632
906,170
907,912
908,970
909,346
910,277
911,335
912,850
913,57
914,47
915,670
916,508
917,467
918,247
919,528
920,871
921,870
922,32
923,370
924,978
925,514
926,932
927,1000
928,643
929,926
930,89
931,540
932,188
933,503
934,627
935,213
936,730
937,725
938,698
939,219
940,578
941,981
942,298
943,776
944,796
945,196
946,571
947,296
948,119
949,288
950,916
951,688
952,90
953,284
954,613
955,581
956,942
957,655
958,697
959,237
960,596
961,6
962,904
963,229
964,430
965,242
966,8
967,289
968,54
969,647
970,847
971,273
972,638
973,669
974,112
975,334
976,60
977,785
978,715
979,411
980,447
981,696
982,65
983,797
984,703
985,850
986,545
987,276
988,626
989,40
990,936
991,656
992,750
993,305
994,897
995,305
996,794
997,313
998,977
999,817
1000,885
